{"cur": 0.6356197406697124, "pro": 0.4984992178142036, "foc": 0.5086649642565482, "cha": 0.4828751917899475, "sil": 0.47853631577813927, "rit": 0.43061753882462345, "mood": "twilight", "cyc": 1100, "ener": 0.3, "bond": 0, "trust": 0.3}