{"short": [{"text": "hello brother", "timestamp": 1782345879.8791916, "mood": "twilight", "coherence": 0.9556122662299391}, {"text": "\u0018", "timestamp": 1782346327.8622665, "mood": "twilight", "coherence": 0.9333945210874948}], "long": [], "emotional": [{"emotion": 0.5, "text": "hello brother", "timestamp": 1782345879.8793418}, {"emotion": 0.5, "text": "\u0018", "timestamp": 1782346327.8649356}], "patterns": {"hehello!": 1, "hellohello!": 1, "brother": 2, "hello": 1}, "associations": {}}