{"experience": 0.07300000000000005, "wisdom": 0.0676945761638895, "connection": 0.00034250000000000074, "complexity": 0.21462, "thresholds": 0, "lessons": [], "milestones": []}