{"curiosity": 0.48119417086003746, "protection": 0.4449562916630671, "focus": 0.49464803615496883, "chaos": 0.5768455604709841, "silence": 0.5903077114248445, "ritual": 0.5616836463140157}